{"cameraMode":{"drawMode":0,"name":"Shaded","section":"Shading Mode"},"sceneLighting":true,"audioPlay":false,"sceneViewState":{"m_AlwaysRefresh":false,"showFog":true,"showSkybox":true,"showFlares":true,"showImageEffects":true,"showParticleSystems":true,"showVisualEffectGraphs":true,"m_FxEnabled":true},"in2DMode":false,"pivot":{"x":-3.4735922813415529,"y":3.1206257343292238,"z":0.6735522747039795},"rotation":{"x":0.08885951340198517,"y":0.8994467854499817,"z":-0.15896987915039063,"w":0.39772671461105349},"size":0.275255024433136,"orthographic":false}