{"cameraMode":{"drawMode":0,"name":"Shaded","section":"Shading Mode"},"sceneLighting":false,"audioPlay":false,"sceneViewState":{"m_AlwaysRefresh":false,"showFog":true,"showSkybox":false,"showFlares":true,"showImageEffects":true,"showParticleSystems":true,"showVisualEffectGraphs":true,"m_FxEnabled":true},"in2DMode":false,"pivot":{"x":0.19548217952251435,"y":-0.9363722205162048,"z":-5.488530158996582},"rotation":{"x":0.293645977973938,"y":0.09190390259027481,"z":-0.011717667803168297,"w":0.9515377283096314},"size":4.766025543212891,"orthographic":false}