{"cameraMode":{"drawMode":0,"name":"Shaded","section":"Shading Mode"},"sceneLighting":false,"audioPlay":false,"sceneViewState":{"m_AlwaysRefresh":false,"showFog":true,"showSkybox":false,"showFlares":true,"showImageEffects":true,"showParticleSystems":true,"showVisualEffectGraphs":true,"m_FxEnabled":true},"in2DMode":false,"pivot":{"x":-1.0697903633117676,"y":0.2078108787536621,"z":-2.2366995811462404},"rotation":{"x":-0.3833031952381134,"y":0.015848660841584207,"z":-0.024488884955644609,"w":-0.9233273863792419},"size":1.2247449159622193,"orthographic":false}